<!DOCTYPE mapper
    PUBLIC "-//mybatis.org//DTD Mapper 3.0//EN"
    "https://mybatis.org/dtd/mybatis-3-mapper.dtd">

<!-- mapper namespace="com.lgy.member_std_oracle.dao.MemDAO"> -->
<mapper namespace="com.lgy.mf_board.dao.boardDAO">

    <select id="list" resultType="com.lgy.mf_board.dto.BoardDTO">
        select b_id, b_name, b_title, b_content, b_date, b_hit,b_recommend from board
    </select>

    <insert id="write">
    	insert into board(b_id ,b_name, b_title, b_content) values((select nvl(max(b_id),0)+1 from board),#{b_name},#{b_title},#{b_content})
    </insert>
	
    <update id="upHit">
        update board set b_hit = b_hit + 1 where b_id = #{b_id}
    </update>

    <select id="contentView" resultType="com.lgy.mf_board.dto.BoardDTO">
<!--         select b_id, b_name, b_title, b_content, b_date, b_hit  -->
<!--           from board  -->
<!--          where b_id=#{b_id} -->
         
        select b_id, b_name, b_title, b_content, b_date, b_hit, b_recommend 
          from board 
         where b_id=#{b_id}
    </select>

	

    <update id="modify">
    	update board set b_title=#{b_title}, b_content=#{b_content} where b_id=#{b_id}
    </update>

	<delete id="delete">
       delete from board where b_id = #{b_id, jdbcType=INTEGER}
   </delete>
        
</mapper>