<?xml version="1.0" encoding="UTF-8"?>

<!DOCTYPE mapper
  PUBLIC "-//mybatis.org//DTD Mapper 3.0//EN"
  "http://mybatis.org/dtd/mybatis-3-mapper.dtd">

<mapper namespace="com.lgy.recipe.dao.RecipeDAO">

	<!-- 레시피 등록 -->
	<insert id="insert_recipe" parameterType="hashmap" useGeneratedKeys="true" keyProperty="rc_recipe_id">
		insert into Recipe (
		rc_recipe_id, rc_name, rc_description, rc_category1_id,
		rc_cooking_time, rc_difficulty,
		rc_tip, rc_tag
		)
		VALUES (
		(SELECT NVL(MAX(rc_recipe_id), 0) + 1 FROM
		Recipe),
		#{rc_name},
		#{rc_description},
		#{rc_category1_id},
		#{rc_cooking_time},
		#{rc_difficulty},
		#{rc_tip},
		#{rc_tag}
		)
	</insert>

	<insert id="insert_rc_ingredient" parameterType="java.util.List">
	        INSERT INTO rc_ingredient (
	        	rc_recipe_id,
	            rc_ingredient_id,
	            rc_ingredient_name,
	            rc_ingredient_amount
	        )
	        VALUES (
	            (SELECT NVL(MAX(rc_recipe_id), 0) FROM Recipe),
	            (SELECT NVL(MAX(rc_ingredient_id), 0) + 1 FROM rc_ingredient),
	            #{rc_ingredient_name},
	            #{rc_ingredient_amount}
	        )
	</insert>
	
	<!-- 과정 insert -->
	<insert id="insert_rc_course" parameterType="java.util.List">
	        INSERT INTO rc_course (
	        	rc_recipe_id,
	            rc_course_id,
	            rc_course_description
	        )
	        VALUES (
	        	(SELECT NVL(MAX(rc_recipe_id), 0) FROM Recipe),
	            (SELECT NVL(MAX(rc_course_id), 0) + 1 FROM rc_course),
	            #{rc_course_description}
	        )
	</insert>
	
	<insert id="insertRcCourse" parameterType="java.util.List">
    INSERT INTO rc_course (rc_id, rc_course_step, rc_course_description, rc_course_img)
    VALUES
    <foreach collection="list" item="course" separator=",">
        (#{rc_id}, #{rc_course_step}, #{rc_course_description}, #{rc_course_img})
    </foreach>
</insert>

	<!-- 레시피 리스트 조회 -->
<select id="recipe_list"
        resultType="com.lgy.recipe.dto.RecipeDTO">
  SELECT *
  FROM (
    SELECT rc_recipe_id, rc_name, rc_description,
           rc_category1_id, rc_category2_id, rc_cooking_time, rc_difficulty,
           rc_created_at, rc_img, rc_tip, rc_tag
    FROM recipe
    ORDER BY rc_recipe_id DESC
  )
  WHERE ROWNUM = 1
</select>

	<!-- ID로 레시피 1개 조회 -->
	<select id="get_recipe_by_id" parameterType="int"
		resultType="com.lgy.recipe.dto.RecipeDTO">
		SELECT * FROM Recipe WHERE rc_recipe_id = #{rc_recipe_id}
	</select>

	<!-- 레시피 수정 -->
	<update id="updateRecipe" parameterType="hashmap">
		UPDATE Recipe SET
		rc_name = #{rc_name, jdbcType=VARCHAR},
		rc_description =
		#{rc_description, jdbcType=VARCHAR},
		rc_category1_id =
		#{rc_category1_id, jdbcType=INTEGER},
		rc_category2_id =
		#{rc_category2_id, jdbcType=INTEGER},
		rc_cooking_time =
		#{rc_cooking_time, jdbcType=INTEGER},
		rc_difficulty = #{rc_difficulty,
		jdbcType=VARCHAR},
		rc_image_name = #{rc_image_name, jdbcType=VARCHAR}
		WHERE rc_recipe_id = #{rc_recipe_id}
	</update>

	<!-- 레시피 삭제 -->
	<delete id="deleteRecipe" parameterType="int">
		DELETE FROM Recipe WHERE
		rc_recipe_id = #{rc_recipe_id}
	</delete>
</mapper>
