<?xml version="1.0" encoding="UTF-8"?>
<beans:beans xmlns="http://www.springframework.org/schema/mvc"
	xmlns:xsi="http://www.w3.org/2001/XMLSchema-instance"
	xmlns:beans="http://www.springframework.org/schema/beans"
	xmlns:context="http://www.springframework.org/schema/context"
	xsi:schemaLocation="http://www.springframework.org/schema/mvc https://www.springframework.org/schema/mvc/spring-mvc.xsd
		http://www.springframework.org/schema/beans https://www.springframework.org/schema/beans/spring-beans.xsd
		http://www.springframework.org/schema/context https://www.springframework.org/schema/context/spring-context.xsd">

	<!-- DispatcherServlet Context: defines this servlet's request-processing infrastructure -->
	
	<!-- Enables the Spring MVC @Controller programming model -->
	<annotation-driven />

	<!-- Handles HTTP GET requests for /resources/** by efficiently serving up static resources in the ${webappRoot}/resources directory -->
	<resources mapping="/resources/**" location="/resources/" />

	<!-- Resolves views selected for rendering by @Controllers to .jsp resources in the /WEB-INF/views directory -->
	<beans:bean class="org.springframework.web.servlet.view.InternalResourceViewResolver">
		<beans:property name="prefix" value="/WEB-INF/views/" />
		<beans:property name="suffix" value=".jsp" />
	</beans:bean>
	
	<context:component-scan base-package="com.lgy" />

	<!-- dataSource 객체는 데이터베이스 정보 포함 -->
	<beans:bean name="dataSource"
		class="org.springframework.jdbc.datasource.DriverManagerDataSource">
		<beans:property name="driverClassName"
			value="oracle.jdbc.OracleDriver"></beans:property>
		<beans:property name="url"
			value="jdbc:oracle:thin:@localhost:1521:xe"></beans:property>
		<beans:property name="username" value="scott"></beans:property>
		<beans:property name="password" value="tiger"></beans:property>
	</beans:bean>

	<beans:bean id="sqlSessionFactory"
		class="org.mybatis.spring.SqlSessionFactoryBean">
		<beans:property name="dataSource" ref="dataSource"></beans:property>
		<!-- sql 로 구성된 xml 경로 설정 -->
		<!-- 수정필요 -->
		<beans:property name="mapperLocations"
			value="classpath:com/lgy/**/dao/mapper/*.xml"></beans:property>
<!-- 			value="classpath:com/lgy/TeamProject/dao/mapper/*.xml"></beans:property> -->
	</beans:bean>
	

	<!-- SqlSessionTemplate 타입의 sqlSession 객체는 sqlSessionFactory 객체를 포함한다. -->
	<beans:bean id="sqlSession"
		class="org.mybatis.spring.SqlSessionTemplate">
		<beans:constructor-arg index="0"
			ref="sqlSessionFactory"></beans:constructor-arg>
	</beans:bean>	
	
	
	
</beans:beans>
